Code Domaine,Domaine,Code Pays,Pays,Code Élément,Élément,Code Produit,Produit,Code Année,Année,Unité,Valeur,Symbole,Description du Symbole
"FBS","Bilans Alimentaires","2","Afghanistan","664","Disponibilité alimentaire (Kcal/personne/jour)","2901","Total General","2013","2013","Kcal/personne/jour","2090","Fc","Donnée calculée"
"FBS","Bilans Alimentaires","2","Afghanistan","674","Disponibilité de protéines en quantité (g/personne/jour)","2901","Total General","2013","2013","g/personne/jour","58.25","Fc","Donnée calculée"
"FBS","Bilans Alimentaires","202","Afrique du Sud","664","Disponibilité alimentaire (Kcal/personne/jour)","2901","Total General","2013","2013","Kcal/personne/jour","3022","Fc","Donnée calculée"
"FBS","Bilans Alimentaires","202","Afrique du Sud","674","Disponibilité de protéines en quantité (g/personne/jour)","2901","Total General","2013","2013","g/personne/jour","85.33","Fc","Donnée calculée"
"FBS","Bilans Alimentaires","3","Albanie","664","Disponibilité alimentaire (Kcal/personne/jour)","2901","Total General","2013","2013","Kcal/personne/jour","3193","Fc","Donnée calculée"
"FBS","Bilans Alimentaires","3","Albanie","674","Disponibilité de protéines en quantité (g/personne/jour)","2901","Total General","2013","2013","g/personne/jour","111.42","Fc","Donnée calculée"
"FBS","Bilans Alimentaires","4","Algérie","664","Disponibilité alimentaire (Kcal/personne/jour)","2901","Total General","2013","2013","Kcal/personne/jour","3296","Fc","Donnée calculée"
"FBS","Bilans Alimentaires","4","Algérie","674","Disponibilité de protéines en quantité (g/personne/jour)","2901","Total General","2013","2013","g/personne/jour","91.96","Fc","Donnée calculée"
"FBS","Bilans Alimentaires","79","Allemagne","664","Disponibilité alimentaire (Kcal/personne/jour)","2901","Total General","2013","2013","Kcal/personne/jour","3499","Fc","Donnée calculée"
"FBS","Bilans Alimentaires","79","Allemagne","674","Disponibilité de protéines en quantité (g/personne/jour)","2901","Total General","2013","2013","g/personne/jour","101.59","Fc","Donnée calculée"
"FBS","Bilans Alimentaires","7","Angola","664","Disponibilité alimentaire (Kcal/personne/jour)","2901","Total General","2013","2013","Kcal/personne/jour","2473","Fc","Donnée calculée"
"FBS","Bilans Alimentaires","7","Angola","674","Disponibilité de protéines en quantité (g/personne/jour)","2901","Total General","2013","2013","g/personne/jour","57.26","Fc","Donnée calculée"
"FBS","Bilans Alimentaires","8","Antigua-et-Barbuda","664","Disponibilité alimentaire (Kcal/personne/jour)","2901","Total General","2013","2013","Kcal/personne/jour","2417","Fc","Donnée calculée"
"FBS","Bilans Alimentaires","8","Antigua-et-Barbuda","674","Disponibilité de protéines en quantité (g/personne/jour)","2901","Total General","2013","2013","g/personne/jour","83.71","Fc","Donnée calculée"
"FBS","Bilans Alimentaires","194","Arabie saoudite","664","Disponibilité alimentaire (Kcal/personne/jour)","2901","Total General","2013","2013","Kcal/personne/jour","3255","Fc","Donnée calculée"
"FBS","Bilans Alimentaires","194","Arabie saoudite","674","Disponibilité de protéines en quantité (g/personne/jour)","2901","Total General","2013","2013","g/personne/jour","91.63","Fc","Donnée calculée"
"FBS","Bilans Alimentaires","9","Argentine","664","Disponibilité alimentaire (Kcal/personne/jour)","2901","Total General","2013","2013","Kcal/personne/jour","3229","Fc","Donnée calculée"
"FBS","Bilans Alimentaires","9","Argentine","674","Disponibilité de protéines en quantité (g/personne/jour)","2901","Total General","2013","2013","g/personne/jour","102.64","Fc","Donnée calculée"
"FBS","Bilans Alimentaires","1","Arménie","664","Disponibilité alimentaire (Kcal/personne/jour)","2901","Total General","2013","2013","Kcal/personne/jour","2928","Fc","Donnée calculée"
"FBS","Bilans Alimentaires","1","Arménie","674","Disponibilité de protéines en quantité (g/personne/jour)","2901","Total General","2013","2013","g/personne/jour","90.04","Fc","Donnée calculée"
"FBS","Bilans Alimentaires","10","Australie","664","Disponibilité alimentaire (Kcal/personne/jour)","2901","Total General","2013","2013","Kcal/personne/jour","3276","Fc","Donnée calculée"
"FBS","Bilans Alimentaires","10","Australie","674","Disponibilité de protéines en quantité (g/personne/jour)","2901","Total General","2013","2013","g/personne/jour","106.28","Fc","Donnée calculée"
"FBS","Bilans Alimentaires","11","Autriche","664","Disponibilité alimentaire (Kcal/personne/jour)","2901","Total General","2013","2013","Kcal/personne/jour","3768","Fc","Donnée calculée"
"FBS","Bilans Alimentaires","11","Autriche","674","Disponibilité de protéines en quantité (g/personne/jour)","2901","Total General","2013","2013","g/personne/jour","106.21","Fc","Donnée calculée"
"FBS","Bilans Alimentaires","52","Azerbaïdjan","664","Disponibilité alimentaire (Kcal/personne/jour)","2901","Total General","2013","2013","Kcal/personne/jour","3118","Fc","Donnée calculée"
"FBS","Bilans Alimentaires","52","Azerbaïdjan","674","Disponibilité de protéines en quantité (g/personne/jour)","2901","Total General","2013","2013","g/personne/jour","93.15","Fc","Donnée calculée"
"FBS","Bilans Alimentaires","12","Bahamas","664","Disponibilité alimentaire (Kcal/personne/jour)","2901","Total General","2013","2013","Kcal/personne/jour","2670","Fc","Donnée calculée"
"FBS","Bilans Alimentaires","12","Bahamas","674","Disponibilité de protéines en quantité (g/personne/jour)","2901","Total General","2013","2013","g/personne/jour","86.62","Fc","Donnée calculée"
"FBS","Bilans Alimentaires","16","Bangladesh","664","Disponibilité alimentaire (Kcal/personne/jour)","2901","Total General","2013","2013","Kcal/personne/jour","2450","Fc","Donnée calculée"
"FBS","Bilans Alimentaires","16","Bangladesh","674","Disponibilité de protéines en quantité (g/personne/jour)","2901","Total General","2013","2013","g/personne/jour","55.84","Fc","Donnée calculée"
"FBS","Bilans Alimentaires","14","Barbade","664","Disponibilité alimentaire (Kcal/personne/jour)","2901","Total General","2013","2013","Kcal/personne/jour","2937","Fc","Donnée calculée"
"FBS","Bilans Alimentaires","14","Barbade","674","Disponibilité de protéines en quantité (g/personne/jour)","2901","Total General","2013","2013","g/personne/jour","88.24","Fc","Donnée calculée"
"FBS","Bilans Alimentaires","57","Bélarus","664","Disponibilité alimentaire (Kcal/personne/jour)","2901","Total General","2013","2013","Kcal/personne/jour","3250","Fc","Donnée calculée"
"FBS","Bilans Alimentaires","57","Bélarus","674","Disponibilité de protéines en quantité (g/personne/jour)","2901","Total General","2013","2013","g/personne/jour","93.82","Fc","Donnée calculée"
"FBS","Bilans Alimentaires","255","Belgique","664","Disponibilité alimentaire (Kcal/personne/jour)","2901","Total General","2013","2013","Kcal/personne/jour","3733","Fc","Donnée calculée"
"FBS","Bilans Alimentaires","255","Belgique","674","Disponibilité de protéines en quantité (g/personne/jour)","2901","Total General","2013","2013","g/personne/jour","99.59","Fc","Donnée calculée"
"FBS","Bilans Alimentaires","23","Belize","664","Disponibilité alimentaire (Kcal/personne/jour)","2901","Total General","2013","2013","Kcal/personne/jour","2751","Fc","Donnée calculée"
"FBS","Bilans Alimentaires","23","Belize","674","Disponibilité de protéines en quantité (g/personne/jour)","2901","Total General","2013","2013","g/personne/jour","73.27","Fc","Donnée calculée"
"FBS","Bilans Alimentaires","53","Bénin","664","Disponibilité alimentaire (Kcal/personne/jour)","2901","Total General","2013","2013","Kcal/personne/jour","2619","Fc","Donnée calculée"
"FBS","Bilans Alimentaires","53","Bénin","674","Disponibilité de protéines en quantité (g/personne/jour)","2901","Total General","2013","2013","g/personne/jour","64.43","Fc","Donnée calculée"
"FBS","Bilans Alimentaires","17","Bermudes","664","Disponibilité alimentaire (Kcal/personne/jour)","2901","Total General","2013","2013","Kcal/personne/jour","2671","Fc","Donnée calculée"
"FBS","Bilans Alimentaires","17","Bermudes","674","Disponibilité de protéines en quantité (g/personne/jour)","2901","Total General","2013","2013","g/personne/jour","90.79","Fc","Donnée calculée"
"FBS","Bilans Alimentaires","19","Bolivie (État plurinational de)","664","Disponibilité alimentaire (Kcal/personne/jour)","2901","Total General","2013","2013","Kcal/personne/jour","2256","Fc","Donnée calculée"
"FBS","Bilans Alimentaires","19","Bolivie (État plurinational de)","674","Disponibilité de protéines en quantité (g/personne/jour)","2901","Total General","2013","2013","g/personne/jour","66.01","Fc","Donnée calculée"
"FBS","Bilans Alimentaires","80","Bosnie-Herzégovine","664","Disponibilité alimentaire (Kcal/personne/jour)","2901","Total General","2013","2013","Kcal/personne/jour","3154","Fc","Donnée calculée"
"FBS","Bilans Alimentaires","80","Bosnie-Herzégovine","674","Disponibilité de protéines en quantité (g/personne/jour)","2901","Total General","2013","2013","g/personne/jour","91.64","Fc","Donnée calculée"
"FBS","Bilans Alimentaires","20","Botswana","664","Disponibilité alimentaire (Kcal/personne/jour)","2901","Total General","2013","2013","Kcal/personne/jour","2326","Fc","Donnée calculée"
"FBS","Bilans Alimentaires","20","Botswana","674","Disponibilité de protéines en quantité (g/personne/jour)","2901","Total General","2013","2013","g/personne/jour","64.86","Fc","Donnée calculée"
"FBS","Bilans Alimentaires","21","Brésil","664","Disponibilité alimentaire (Kcal/personne/jour)","2901","Total General","2013","2013","Kcal/personne/jour","3263","Fc","Donnée calculée"
"FBS","Bilans Alimentaires","21","Brésil","674","Disponibilité de protéines en quantité (g/personne/jour)","2901","Total General","2013","2013","g/personne/jour","94.99","Fc","Donnée calculée"
"FBS","Bilans Alimentaires","26","Brunéi Darussalam","664","Disponibilité alimentaire (Kcal/personne/jour)","2901","Total General","2013","2013","Kcal/personne/jour","2985","Fc","Donnée calculée"
"FBS","Bilans Alimentaires","26","Brunéi Darussalam","674","Disponibilité de protéines en quantité (g/personne/jour)","2901","Total General","2013","2013","g/personne/jour","93.41","Fc","Donnée calculée"
"FBS","Bilans Alimentaires","27","Bulgarie","664","Disponibilité alimentaire (Kcal/personne/jour)","2901","Total General","2013","2013","Kcal/personne/jour","2829","Fc","Donnée calculée"
"FBS","Bilans Alimentaires","27","Bulgarie","674","Disponibilité de protéines en quantité (g/personne/jour)","2901","Total General","2013","2013","g/personne/jour","83.53","Fc","Donnée calculée"
"FBS","Bilans Alimentaires","233","Burkina Faso","664","Disponibilité alimentaire (Kcal/personne/jour)","2901","Total General","2013","2013","Kcal/personne/jour","2720","Fc","Donnée calculée"
"FBS","Bilans Alimentaires","233","Burkina Faso","674","Disponibilité de protéines en quantité (g/personne/jour)","2901","Total General","2013","2013","g/personne/jour","79.38","Fc","Donnée calculée"
"FBS","Bilans Alimentaires","35","Cabo Verde","664","Disponibilité alimentaire (Kcal/personne/jour)","2901","Total General","2013","2013","Kcal/personne/jour","2609","Fc","Donnée calculée"
"FBS","Bilans Alimentaires","35","Cabo Verde","674","Disponibilité de protéines en quantité (g/personne/jour)","2901","Total General","2013","2013","g/personne/jour","73.65","Fc","Donnée calculée"
"FBS","Bilans Alimentaires","115","Cambodge","664","Disponibilité alimentaire (Kcal/personne/jour)","2901","Total General","2013","2013","Kcal/personne/jour","2477","Fc","Donnée calculée"
"FBS","Bilans Alimentaires","115","Cambodge","674","Disponibilité de protéines en quantité (g/personne/jour)","2901","Total General","2013","2013","g/personne/jour","65.66","Fc","Donnée calculée"
"FBS","Bilans Alimentaires","32","Cameroun","664","Disponibilité alimentaire (Kcal/personne/jour)","2901","Total General","2013","2013","Kcal/personne/jour","2671","Fc","Donnée calculée"
"FBS","Bilans Alimentaires","32","Cameroun","674","Disponibilité de protéines en quantité (g/personne/jour)","2901","Total General","2013","2013","g/personne/jour","69.96","Fc","Donnée calculée"
"FBS","Bilans Alimentaires","33","Canada","664","Disponibilité alimentaire (Kcal/personne/jour)","2901","Total General","2013","2013","Kcal/personne/jour","3494","Fc","Donnée calculée"
"FBS","Bilans Alimentaires","33","Canada","674","Disponibilité de protéines en quantité (g/personne/jour)","2901","Total General","2013","2013","g/personne/jour","104.95","Fc","Donnée calculée"
"FBS","Bilans Alimentaires","40","Chili","664","Disponibilité alimentaire (Kcal/personne/jour)","2901","Total General","2013","2013","Kcal/personne/jour","2979","Fc","Donnée calculée"
"FBS","Bilans Alimentaires","40","Chili","674","Disponibilité de protéines en quantité (g/personne/jour)","2901","Total General","2013","2013","g/personne/jour","87.36","Fc","Donnée calculée"
"FBS","Bilans Alimentaires","96","Chine - RAS de Hong-Kong","664","Disponibilité alimentaire (Kcal/personne/jour)","2901","Total General","2013","2013","Kcal/personne/jour","3290","Fc","Donnée calculée"
"FBS","Bilans Alimentaires","96","Chine - RAS de Hong-Kong","674","Disponibilité de protéines en quantité (g/personne/jour)","2901","Total General","2013","2013","g/personne/jour","129.18","Fc","Donnée calculée"
"FBS","Bilans Alimentaires","128","Chine - RAS de Macao","664","Disponibilité alimentaire (Kcal/personne/jour)","2901","Total General","2013","2013","Kcal/personne/jour","2915","Fc","Donnée calculée"
"FBS","Bilans Alimentaires","128","Chine - RAS de Macao","674","Disponibilité de protéines en quantité (g/personne/jour)","2901","Total General","2013","2013","g/personne/jour","94.84","Fc","Donnée calculée"
"FBS","Bilans Alimentaires","41","Chine, continentale","664","Disponibilité alimentaire (Kcal/personne/jour)","2901","Total General","2013","2013","Kcal/personne/jour","3108","Fc","Donnée calculée"
"FBS","Bilans Alimentaires","41","Chine, continentale","674","Disponibilité de protéines en quantité (g/personne/jour)","2901","Total General","2013","2013","g/personne/jour","98.02","Fc","Donnée calculée"
"FBS","Bilans Alimentaires","214","Chine, Taiwan Province de","664","Disponibilité alimentaire (Kcal/personne/jour)","2901","Total General","2013","2013","Kcal/personne/jour","2997","Fc","Donnée calculée"
"FBS","Bilans Alimentaires","214","Chine, Taiwan Province de","674","Disponibilité de protéines en quantité (g/personne/jour)","2901","Total General","2013","2013","g/personne/jour","89.74","Fc","Donnée calculée"
"FBS","Bilans Alimentaires","50","Chypre","664","Disponibilité alimentaire (Kcal/personne/jour)","2901","Total General","2013","2013","Kcal/personne/jour","2649","Fc","Donnée calculée"
"FBS","Bilans Alimentaires","50","Chypre","674","Disponibilité de protéines en quantité (g/personne/jour)","2901","Total General","2013","2013","g/personne/jour","77.61","Fc","Donnée calculée"
"FBS","Bilans Alimentaires","44","Colombie","664","Disponibilité alimentaire (Kcal/personne/jour)","2901","Total General","2013","2013","Kcal/personne/jour","2804","Fc","Donnée calculée"
"FBS","Bilans Alimentaires","44","Colombie","674","Disponibilité de protéines en quantité (g/personne/jour)","2901","Total General","2013","2013","g/personne/jour","64.38","Fc","Donnée calculée"
"FBS","Bilans Alimentaires","46","Congo","664","Disponibilité alimentaire (Kcal/personne/jour)","2901","Total General","2013","2013","Kcal/personne/jour","2208","Fc","Donnée calculée"
"FBS","Bilans Alimentaires","46","Congo","674","Disponibilité de protéines en quantité (g/personne/jour)","2901","Total General","2013","2013","g/personne/jour","51.66","Fc","Donnée calculée"
"FBS","Bilans Alimentaires","48","Costa Rica","664","Disponibilité alimentaire (Kcal/personne/jour)","2901","Total General","2013","2013","Kcal/personne/jour","2848","Fc","Donnée calculée"
"FBS","Bilans Alimentaires","48","Costa Rica","674","Disponibilité de protéines en quantité (g/personne/jour)","2901","Total General","2013","2013","g/personne/jour","75.07","Fc","Donnée calculée"
"FBS","Bilans Alimentaires","107","Côte d'Ivoire","664","Disponibilité alimentaire (Kcal/personne/jour)","2901","Total General","2013","2013","Kcal/personne/jour","2799","Fc","Donnée calculée"
"FBS","Bilans Alimentaires","107","Côte d'Ivoire","674","Disponibilité de protéines en quantité (g/personne/jour)","2901","Total General","2013","2013","g/personne/jour","58.51","Fc","Donnée calculée"
"FBS","Bilans Alimentaires","98","Croatie","664","Disponibilité alimentaire (Kcal/personne/jour)","2901","Total General","2013","2013","Kcal/personne/jour","3059","Fc","Donnée calculée"
"FBS","Bilans Alimentaires","98","Croatie","674","Disponibilité de protéines en quantité (g/personne/jour)","2901","Total General","2013","2013","g/personne/jour","84.35","Fc","Donnée calculée"
"FBS","Bilans Alimentaires","49","Cuba","664","Disponibilité alimentaire (Kcal/personne/jour)","2901","Total General","2013","2013","Kcal/personne/jour","3409","Fc","Donnée calculée"
"FBS","Bilans Alimentaires","49","Cuba","674","Disponibilité de protéines en quantité (g/personne/jour)","2901","Total General","2013","2013","g/personne/jour","90.86","Fc","Donnée calculée"
"FBS","Bilans Alimentaires","54","Danemark","664","Disponibilité alimentaire (Kcal/personne/jour)","2901","Total General","2013","2013","Kcal/personne/jour","3367","Fc","Donnée calculée"
"FBS","Bilans Alimentaires","54","Danemark","674","Disponibilité de protéines en quantité (g/personne/jour)","2901","Total General","2013","2013","g/personne/jour","108.88","Fc","Donnée calculée"
"FBS","Bilans Alimentaires","72","Djibouti","664","Disponibilité alimentaire (Kcal/personne/jour)","2901","Total General","2013","2013","Kcal/personne/jour","2607","Fc","Donnée calculée"
"FBS","Bilans Alimentaires","72","Djibouti","674","Disponibilité de protéines en quantité (g/personne/jour)","2901","Total General","2013","2013","g/personne/jour","65.86","Fc","Donnée calculée"
"FBS","Bilans Alimentaires","55","Dominique","664","Disponibilité alimentaire (Kcal/personne/jour)","2901","Total General","2013","2013","Kcal/personne/jour","2931","Fc","Donnée calculée"
"FBS","Bilans Alimentaires","55","Dominique","674","Disponibilité de protéines en quantité (g/personne/jour)","2901","Total General","2013","2013","g/personne/jour","76.25","Fc","Donnée calculée"
"FBS","Bilans Alimentaires","59","Égypte","664","Disponibilité alimentaire (Kcal/personne/jour)","2901","Total General","2013","2013","Kcal/personne/jour","3522","Fc","Donnée calculée"
"FBS","Bilans Alimentaires","59","Égypte","674","Disponibilité de protéines en quantité (g/personne/jour)","2901","Total General","2013","2013","g/personne/jour","103.24","Fc","Donnée calculée"
"FBS","Bilans Alimentaires","60","El Salvador","664","Disponibilité alimentaire (Kcal/personne/jour)","2901","Total General","2013","2013","Kcal/personne/jour","2577","Fc","Donnée calculée"
"FBS","Bilans Alimentaires","60","El Salvador","674","Disponibilité de protéines en quantité (g/personne/jour)","2901","Total General","2013","2013","g/personne/jour","71.9","Fc","Donnée calculée"
"FBS","Bilans Alimentaires","225","Émirats arabes unis","664","Disponibilité alimentaire (Kcal/personne/jour)","2901","Total General","2013","2013","Kcal/personne/jour","3280","Fc","Donnée calculée"
"FBS","Bilans Alimentaires","225","Émirats arabes unis","674","Disponibilité de protéines en quantité (g/personne/jour)","2901","Total General","2013","2013","g/personne/jour","104.62","Fc","Donnée calculée"
"FBS","Bilans Alimentaires","58","Équateur","664","Disponibilité alimentaire (Kcal/personne/jour)","2901","Total General","2013","2013","Kcal/personne/jour","2344","Fc","Donnée calculée"
"FBS","Bilans Alimentaires","58","Équateur","674","Disponibilité de protéines en quantité (g/personne/jour)","2901","Total General","2013","2013","g/personne/jour","61.36","Fc","Donnée calculée"
"FBS","Bilans Alimentaires","203","Espagne","664","Disponibilité alimentaire (Kcal/personne/jour)","2901","Total General","2013","2013","Kcal/personne/jour","3174","Fc","Donnée calculée"
"FBS","Bilans Alimentaires","203","Espagne","674","Disponibilité de protéines en quantité (g/personne/jour)","2901","Total General","2013","2013","g/personne/jour","104.88","Fc","Donnée calculée"
"FBS","Bilans Alimentaires","63","Estonie","664","Disponibilité alimentaire (Kcal/personne/jour)","2901","Total General","2013","2013","Kcal/personne/jour","3253","Fc","Donnée calculée"
"FBS","Bilans Alimentaires","63","Estonie","674","Disponibilité de protéines en quantité (g/personne/jour)","2901","Total General","2013","2013","g/personne/jour","103.9","Fc","Donnée calculée"
"FBS","Bilans Alimentaires","231","États-Unis d'Amérique","664","Disponibilité alimentaire (Kcal/personne/jour)","2901","Total General","2013","2013","Kcal/personne/jour","3682","Fc","Donnée calculée"
"FBS","Bilans Alimentaires","231","États-Unis d'Amérique","674","Disponibilité de protéines en quantité (g/personne/jour)","2901","Total General","2013","2013","g/personne/jour","109.6","Fc","Donnée calculée"
"FBS","Bilans Alimentaires","238","Éthiopie","664","Disponibilité alimentaire (Kcal/personne/jour)","2901","Total General","2013","2013","Kcal/personne/jour","2131","Fc","Donnée calculée"
"FBS","Bilans Alimentaires","238","Éthiopie","674","Disponibilité de protéines en quantité (g/personne/jour)","2901","Total General","2013","2013","g/personne/jour","60.4","Fc","Donnée calculée"
"FBS","Bilans Alimentaires","185","Fédération de Russie","664","Disponibilité alimentaire (Kcal/personne/jour)","2901","Total General","2013","2013","Kcal/personne/jour","3361","Fc","Donnée calculée"
"FBS","Bilans Alimentaires","185","Fédération de Russie","674","Disponibilité de protéines en quantité (g/personne/jour)","2901","Total General","2013","2013","g/personne/jour","102.84","Fc","Donnée calculée"
"FBS","Bilans Alimentaires","66","Fidji","664","Disponibilité alimentaire (Kcal/personne/jour)","2901","Total General","2013","2013","Kcal/personne/jour","2943","Fc","Donnée calculée"
"FBS","Bilans Alimentaires","66","Fidji","674","Disponibilité de protéines en quantité (g/personne/jour)","2901","Total General","2013","2013","g/personne/jour","73.6","Fc","Donnée calculée"
"FBS","Bilans Alimentaires","67","Finlande","664","Disponibilité alimentaire (Kcal/personne/jour)","2901","Total General","2013","2013","Kcal/personne/jour","3368","Fc","Donnée calculée"
"FBS","Bilans Alimentaires","67","Finlande","674","Disponibilité de protéines en quantité (g/personne/jour)","2901","Total General","2013","2013","g/personne/jour","117.72","Fc","Donnée calculée"
"FBS","Bilans Alimentaires","68","France","664","Disponibilité alimentaire (Kcal/personne/jour)","2901","Total General","2013","2013","Kcal/personne/jour","3482","Fc","Donnée calculée"
"FBS","Bilans Alimentaires","68","France","674","Disponibilité de protéines en quantité (g/personne/jour)","2901","Total General","2013","2013","g/personne/jour","110.52","Fc","Donnée calculée"
"FBS","Bilans Alimentaires","74","Gabon","664","Disponibilité alimentaire (Kcal/personne/jour)","2901","Total General","2013","2013","Kcal/personne/jour","2830","Fc","Donnée calculée"
"FBS","Bilans Alimentaires","74","Gabon","674","Disponibilité de protéines en quantité (g/personne/jour)","2901","Total General","2013","2013","g/personne/jour","86.63","Fc","Donnée calculée"
"FBS","Bilans Alimentaires","75","Gambie","664","Disponibilité alimentaire (Kcal/personne/jour)","2901","Total General","2013","2013","Kcal/personne/jour","2628","Fc","Donnée calculée"
"FBS","Bilans Alimentaires","75","Gambie","674","Disponibilité de protéines en quantité (g/personne/jour)","2901","Total General","2013","2013","g/personne/jour","61.55","Fc","Donnée calculée"
"FBS","Bilans Alimentaires","73","Géorgie","664","Disponibilité alimentaire (Kcal/personne/jour)","2901","Total General","2013","2013","Kcal/personne/jour","2905","Fc","Donnée calculée"
"FBS","Bilans Alimentaires","73","Géorgie","674","Disponibilité de protéines en quantité (g/personne/jour)","2901","Total General","2013","2013","g/personne/jour","80.53","Fc","Donnée calculée"
"FBS","Bilans Alimentaires","81","Ghana","664","Disponibilité alimentaire (Kcal/personne/jour)","2901","Total General","2013","2013","Kcal/personne/jour","3016","Fc","Donnée calculée"
"FBS","Bilans Alimentaires","81","Ghana","674","Disponibilité de protéines en quantité (g/personne/jour)","2901","Total General","2013","2013","g/personne/jour","64.57","Fc","Donnée calculée"
"FBS","Bilans Alimentaires","84","Grèce","664","Disponibilité alimentaire (Kcal/personne/jour)","2901","Total General","2013","2013","Kcal/personne/jour","3400","Fc","Donnée calculée"
"FBS","Bilans Alimentaires","84","Grèce","674","Disponibilité de protéines en quantité (g/personne/jour)","2901","Total General","2013","2013","g/personne/jour","108.8","Fc","Donnée calculée"
"FBS","Bilans Alimentaires","86","Grenade","664","Disponibilité alimentaire (Kcal/personne/jour)","2901","Total General","2013","2013","Kcal/personne/jour","2447","Fc","Donnée calculée"
"FBS","Bilans Alimentaires","86","Grenade","674","Disponibilité de protéines en quantité (g/personne/jour)","2901","Total General","2013","2013","g/personne/jour","69.19","Fc","Donnée calculée"
"FBS","Bilans Alimentaires","89","Guatemala","664","Disponibilité alimentaire (Kcal/personne/jour)","2901","Total General","2013","2013","Kcal/personne/jour","2419","Fc","Donnée calculée"
"FBS","Bilans Alimentaires","89","Guatemala","674","Disponibilité de protéines en quantité (g/personne/jour)","2901","Total General","2013","2013","g/personne/jour","63.73","Fc","Donnée calculée"
"FBS","Bilans Alimentaires","90","Guinée","664","Disponibilité alimentaire (Kcal/personne/jour)","2901","Total General","2013","2013","Kcal/personne/jour","2566","Fc","Donnée calculée"
"FBS","Bilans Alimentaires","90","Guinée","674","Disponibilité de protéines en quantité (g/personne/jour)","2901","Total General","2013","2013","g/personne/jour","55.93","Fc","Donnée calculée"
"FBS","Bilans Alimentaires","175","Guinée-Bissau","664","Disponibilité alimentaire (Kcal/personne/jour)","2901","Total General","2013","2013","Kcal/personne/jour","2292","Fc","Donnée calculée"
"FBS","Bilans Alimentaires","175","Guinée-Bissau","674","Disponibilité de protéines en quantité (g/personne/jour)","2901","Total General","2013","2013","g/personne/jour","44.04","Fc","Donnée calculée"
"FBS","Bilans Alimentaires","91","Guyana","664","Disponibilité alimentaire (Kcal/personne/jour)","2901","Total General","2013","2013","Kcal/personne/jour","2764","Fc","Donnée calculée"
"FBS","Bilans Alimentaires","91","Guyana","674","Disponibilité de protéines en quantité (g/personne/jour)","2901","Total General","2013","2013","g/personne/jour","79.51","Fc","Donnée calculée"
"FBS","Bilans Alimentaires","93","Haïti","664","Disponibilité alimentaire (Kcal/personne/jour)","2901","Total General","2013","2013","Kcal/personne/jour","2091","Fc","Donnée calculée"
"FBS","Bilans Alimentaires","93","Haïti","674","Disponibilité de protéines en quantité (g/personne/jour)","2901","Total General","2013","2013","g/personne/jour","47.72","Fc","Donnée calculée"
"FBS","Bilans Alimentaires","95","Honduras","664","Disponibilité alimentaire (Kcal/personne/jour)","2901","Total General","2013","2013","Kcal/personne/jour","2641","Fc","Donnée calculée"
"FBS","Bilans Alimentaires","95","Honduras","674","Disponibilité de protéines en quantité (g/personne/jour)","2901","Total General","2013","2013","g/personne/jour","64.88","Fc","Donnée calculée"
"FBS","Bilans Alimentaires","97","Hongrie","664","Disponibilité alimentaire (Kcal/personne/jour)","2901","Total General","2013","2013","Kcal/personne/jour","3037","Fc","Donnée calculée"
"FBS","Bilans Alimentaires","97","Hongrie","674","Disponibilité de protéines en quantité (g/personne/jour)","2901","Total General","2013","2013","g/personne/jour","78.85","Fc","Donnée calculée"
"FBS","Bilans Alimentaires","25","Îles Salomon","664","Disponibilité alimentaire (Kcal/personne/jour)","2901","Total General","2013","2013","Kcal/personne/jour","2391","Fc","Donnée calculée"
"FBS","Bilans Alimentaires","25","Îles Salomon","674","Disponibilité de protéines en quantité (g/personne/jour)","2901","Total General","2013","2013","g/personne/jour","56.36","Fc","Donnée calculée"
"FBS","Bilans Alimentaires","100","Inde","664","Disponibilité alimentaire (Kcal/personne/jour)","2901","Total General","2013","2013","Kcal/personne/jour","2459","Fc","Donnée calculée"
"FBS","Bilans Alimentaires","100","Inde","674","Disponibilité de protéines en quantité (g/personne/jour)","2901","Total General","2013","2013","g/personne/jour","60.25","Fc","Donnée calculée"
"FBS","Bilans Alimentaires","101","Indonésie","664","Disponibilité alimentaire (Kcal/personne/jour)","2901","Total General","2013","2013","Kcal/personne/jour","2777","Fc","Donnée calculée"
"FBS","Bilans Alimentaires","101","Indonésie","674","Disponibilité de protéines en quantité (g/personne/jour)","2901","Total General","2013","2013","g/personne/jour","62.18","Fc","Donnée calculée"
"FBS","Bilans Alimentaires","102","Iran (République islamique d')","664","Disponibilité alimentaire (Kcal/personne/jour)","2901","Total General","2013","2013","Kcal/personne/jour","3094","Fc","Donnée calculée"
"FBS","Bilans Alimentaires","102","Iran (République islamique d')","674","Disponibilité de protéines en quantité (g/personne/jour)","2901","Total General","2013","2013","g/personne/jour","87.28","Fc","Donnée calculée"
"FBS","Bilans Alimentaires","103","Iraq","664","Disponibilité alimentaire (Kcal/personne/jour)","2901","Total General","2013","2013","Kcal/personne/jour","2545","Fc","Donnée calculée"
"FBS","Bilans Alimentaires","103","Iraq","674","Disponibilité de protéines en quantité (g/personne/jour)","2901","Total General","2013","2013","g/personne/jour","63.63","Fc","Donnée calculée"
"FBS","Bilans Alimentaires","104","Irlande","664","Disponibilité alimentaire (Kcal/personne/jour)","2901","Total General","2013","2013","Kcal/personne/jour","3600","Fc","Donnée calculée"
"FBS","Bilans Alimentaires","104","Irlande","674","Disponibilité de protéines en quantité (g/personne/jour)","2901","Total General","2013","2013","g/personne/jour","110.02","Fc","Donnée calculée"
"FBS","Bilans Alimentaires","99","Islande","664","Disponibilité alimentaire (Kcal/personne/jour)","2901","Total General","2013","2013","Kcal/personne/jour","3380","Fc","Donnée calculée"
"FBS","Bilans Alimentaires","99","Islande","674","Disponibilité de protéines en quantité (g/personne/jour)","2901","Total General","2013","2013","g/personne/jour","133.54","Fc","Donnée calculée"
"FBS","Bilans Alimentaires","105","Israël","664","Disponibilité alimentaire (Kcal/personne/jour)","2901","Total General","2013","2013","Kcal/personne/jour","3610","Fc","Donnée calculée"
"FBS","Bilans Alimentaires","105","Israël","674","Disponibilité de protéines en quantité (g/personne/jour)","2901","Total General","2013","2013","g/personne/jour","128.14","Fc","Donnée calculée"
"FBS","Bilans Alimentaires","106","Italie","664","Disponibilité alimentaire (Kcal/personne/jour)","2901","Total General","2013","2013","Kcal/personne/jour","3579","Fc","Donnée calculée"
"FBS","Bilans Alimentaires","106","Italie","674","Disponibilité de protéines en quantité (g/personne/jour)","2901","Total General","2013","2013","g/personne/jour","108.51","Fc","Donnée calculée"
"FBS","Bilans Alimentaires","109","Jamaïque","664","Disponibilité alimentaire (Kcal/personne/jour)","2901","Total General","2013","2013","Kcal/personne/jour","2746","Fc","Donnée calculée"
"FBS","Bilans Alimentaires","109","Jamaïque","674","Disponibilité de protéines en quantité (g/personne/jour)","2901","Total General","2013","2013","g/personne/jour","76.97","Fc","Donnée calculée"
"FBS","Bilans Alimentaires","110","Japon","664","Disponibilité alimentaire (Kcal/personne/jour)","2901","Total General","2013","2013","Kcal/personne/jour","2726","Fc","Donnée calculée"
"FBS","Bilans Alimentaires","110","Japon","674","Disponibilité de protéines en quantité (g/personne/jour)","2901","Total General","2013","2013","g/personne/jour","87.73","Fc","Donnée calculée"
"FBS","Bilans Alimentaires","112","Jordanie","664","Disponibilité alimentaire (Kcal/personne/jour)","2901","Total General","2013","2013","Kcal/personne/jour","3100","Fc","Donnée calculée"
"FBS","Bilans Alimentaires","112","Jordanie","674","Disponibilité de protéines en quantité (g/personne/jour)","2901","Total General","2013","2013","g/personne/jour","79.59","Fc","Donnée calculée"
"FBS","Bilans Alimentaires","108","Kazakhstan","664","Disponibilité alimentaire (Kcal/personne/jour)","2901","Total General","2013","2013","Kcal/personne/jour","3264","Fc","Donnée calculée"
"FBS","Bilans Alimentaires","108","Kazakhstan","674","Disponibilité de protéines en quantité (g/personne/jour)","2901","Total General","2013","2013","g/personne/jour","96.41","Fc","Donnée calculée"
"FBS","Bilans Alimentaires","114","Kenya","664","Disponibilité alimentaire (Kcal/personne/jour)","2901","Total General","2013","2013","Kcal/personne/jour","2206","Fc","Donnée calculée"
"FBS","Bilans Alimentaires","114","Kenya","674","Disponibilité de protéines en quantité (g/personne/jour)","2901","Total General","2013","2013","g/personne/jour","61.84","Fc","Donnée calculée"
"FBS","Bilans Alimentaires","113","Kirghizistan","664","Disponibilité alimentaire (Kcal/personne/jour)","2901","Total General","2013","2013","Kcal/personne/jour","2817","Fc","Donnée calculée"
"FBS","Bilans Alimentaires","113","Kirghizistan","674","Disponibilité de protéines en quantité (g/personne/jour)","2901","Total General","2013","2013","g/personne/jour","85.16","Fc","Donnée calculée"
"FBS","Bilans Alimentaires","83","Kiribati","664","Disponibilité alimentaire (Kcal/personne/jour)","2901","Total General","2013","2013","Kcal/personne/jour","3040","Fc","Donnée calculée"
"FBS","Bilans Alimentaires","83","Kiribati","674","Disponibilité de protéines en quantité (g/personne/jour)","2901","Total General","2013","2013","g/personne/jour","73.33","Fc","Donnée calculée"
"FBS","Bilans Alimentaires","118","Koweït","664","Disponibilité alimentaire (Kcal/personne/jour)","2901","Total General","2013","2013","Kcal/personne/jour","3501","Fc","Donnée calculée"
"FBS","Bilans Alimentaires","118","Koweït","674","Disponibilité de protéines en quantité (g/personne/jour)","2901","Total General","2013","2013","g/personne/jour","108.24","Fc","Donnée calculée"
"FBS","Bilans Alimentaires","122","Lesotho","664","Disponibilité alimentaire (Kcal/personne/jour)","2901","Total General","2013","2013","Kcal/personne/jour","2529","Fc","Donnée calculée"
"FBS","Bilans Alimentaires","122","Lesotho","674","Disponibilité de protéines en quantité (g/personne/jour)","2901","Total General","2013","2013","g/personne/jour","73.52","Fc","Donnée calculée"
"FBS","Bilans Alimentaires","119","Lettonie","664","Disponibilité alimentaire (Kcal/personne/jour)","2901","Total General","2013","2013","Kcal/personne/jour","3174","Fc","Donnée calculée"
"FBS","Bilans Alimentaires","119","Lettonie","674","Disponibilité de protéines en quantité (g/personne/jour)","2901","Total General","2013","2013","g/personne/jour","91.39","Fc","Donnée calculée"
"FBS","Bilans Alimentaires","154","l'ex-République yougoslave de Macédoine","664","Disponibilité alimentaire (Kcal/personne/jour)","2901","Total General","2013","2013","Kcal/personne/jour","2949","Fc","Donnée calculée"
"FBS","Bilans Alimentaires","154","l'ex-République yougoslave de Macédoine","674","Disponibilité de protéines en quantité (g/personne/jour)","2901","Total General","2013","2013","g/personne/jour","78.51","Fc","Donnée calculée"
"FBS","Bilans Alimentaires","121","Liban","664","Disponibilité alimentaire (Kcal/personne/jour)","2901","Total General","2013","2013","Kcal/personne/jour","3066","Fc","Donnée calculée"
"FBS","Bilans Alimentaires","121","Liban","674","Disponibilité de protéines en quantité (g/personne/jour)","2901","Total General","2013","2013","g/personne/jour","79.71","Fc","Donnée calculée"
"FBS","Bilans Alimentaires","123","Libéria","664","Disponibilité alimentaire (Kcal/personne/jour)","2901","Total General","2013","2013","Kcal/personne/jour","2204","Fc","Donnée calculée"
"FBS","Bilans Alimentaires","123","Libéria","674","Disponibilité de protéines en quantité (g/personne/jour)","2901","Total General","2013","2013","g/personne/jour","37.66","Fc","Donnée calculée"
"FBS","Bilans Alimentaires","126","Lituanie","664","Disponibilité alimentaire (Kcal/personne/jour)","2901","Total General","2013","2013","Kcal/personne/jour","3417","Fc","Donnée calculée"
"FBS","Bilans Alimentaires","126","Lituanie","674","Disponibilité de protéines en quantité (g/personne/jour)","2901","Total General","2013","2013","g/personne/jour","124.49","Fc","Donnée calculée"
"FBS","Bilans Alimentaires","256","Luxembourg","664","Disponibilité alimentaire (Kcal/personne/jour)","2901","Total General","2013","2013","Kcal/personne/jour","3539","Fc","Donnée calculée"
"FBS","Bilans Alimentaires","256","Luxembourg","674","Disponibilité de protéines en quantité (g/personne/jour)","2901","Total General","2013","2013","g/personne/jour","113.88","Fc","Donnée calculée"
"FBS","Bilans Alimentaires","129","Madagascar","664","Disponibilité alimentaire (Kcal/personne/jour)","2901","Total General","2013","2013","Kcal/personne/jour","2052","Fc","Donnée calculée"
"FBS","Bilans Alimentaires","129","Madagascar","674","Disponibilité de protéines en quantité (g/personne/jour)","2901","Total General","2013","2013","g/personne/jour","46.67","Fc","Donnée calculée"
"FBS","Bilans Alimentaires","131","Malaisie","664","Disponibilité alimentaire (Kcal/personne/jour)","2901","Total General","2013","2013","Kcal/personne/jour","2916","Fc","Donnée calculée"
"FBS","Bilans Alimentaires","131","Malaisie","674","Disponibilité de protéines en quantité (g/personne/jour)","2901","Total General","2013","2013","g/personne/jour","81.58","Fc","Donnée calculée"
"FBS","Bilans Alimentaires","130","Malawi","664","Disponibilité alimentaire (Kcal/personne/jour)","2901","Total General","2013","2013","Kcal/personne/jour","2367","Fc","Donnée calculée"
"FBS","Bilans Alimentaires","130","Malawi","674","Disponibilité de protéines en quantité (g/personne/jour)","2901","Total General","2013","2013","g/personne/jour","64.55","Fc","Donnée calculée"
"FBS","Bilans Alimentaires","132","Maldives","664","Disponibilité alimentaire (Kcal/personne/jour)","2901","Total General","2013","2013","Kcal/personne/jour","2732","Fc","Donnée calculée"
"FBS","Bilans Alimentaires","132","Maldives","674","Disponibilité de protéines en quantité (g/personne/jour)","2901","Total General","2013","2013","g/personne/jour","122.43","Fc","Donnée calculée"
"FBS","Bilans Alimentaires","133","Mali","664","Disponibilité alimentaire (Kcal/personne/jour)","2901","Total General","2013","2013","Kcal/personne/jour","2890","Fc","Donnée calculée"
"FBS","Bilans Alimentaires","133","Mali","674","Disponibilité de protéines en quantité (g/personne/jour)","2901","Total General","2013","2013","g/personne/jour","85.2","Fc","Donnée calculée"
"FBS","Bilans Alimentaires","134","Malte","664","Disponibilité alimentaire (Kcal/personne/jour)","2901","Total General","2013","2013","Kcal/personne/jour","3378","Fc","Donnée calculée"
"FBS","Bilans Alimentaires","134","Malte","674","Disponibilité de protéines en quantité (g/personne/jour)","2901","Total General","2013","2013","g/personne/jour","110.36","Fc","Donnée calculée"
"FBS","Bilans Alimentaires","143","Maroc","664","Disponibilité alimentaire (Kcal/personne/jour)","2901","Total General","2013","2013","Kcal/personne/jour","3403","Fc","Donnée calculée"
"FBS","Bilans Alimentaires","143","Maroc","674","Disponibilité de protéines en quantité (g/personne/jour)","2901","Total General","2013","2013","g/personne/jour","97.93","Fc","Donnée calculée"
"FBS","Bilans Alimentaires","137","Maurice","664","Disponibilité alimentaire (Kcal/personne/jour)","2901","Total General","2013","2013","Kcal/personne/jour","3065","Fc","Donnée calculée"
"FBS","Bilans Alimentaires","137","Maurice","674","Disponibilité de protéines en quantité (g/personne/jour)","2901","Total General","2013","2013","g/personne/jour","88.36","Fc","Donnée calculée"
"FBS","Bilans Alimentaires","136","Mauritanie","664","Disponibilité alimentaire (Kcal/personne/jour)","2901","Total General","2013","2013","Kcal/personne/jour","2876","Fc","Donnée calculée"
"FBS","Bilans Alimentaires","136","Mauritanie","674","Disponibilité de protéines en quantité (g/personne/jour)","2901","Total General","2013","2013","g/personne/jour","84.96","Fc","Donnée calculée"
"FBS","Bilans Alimentaires","138","Mexique","664","Disponibilité alimentaire (Kcal/personne/jour)","2901","Total General","2013","2013","Kcal/personne/jour","3072","Fc","Donnée calculée"
"FBS","Bilans Alimentaires","138","Mexique","674","Disponibilité de protéines en quantité (g/personne/jour)","2901","Total General","2013","2013","g/personne/jour","87.63","Fc","Donnée calculée"
"FBS","Bilans Alimentaires","141","Mongolie","664","Disponibilité alimentaire (Kcal/personne/jour)","2901","Total General","2013","2013","Kcal/personne/jour","2510","Fc","Donnée calculée"
"FBS","Bilans Alimentaires","141","Mongolie","674","Disponibilité de protéines en quantité (g/personne/jour)","2901","Total General","2013","2013","g/personne/jour","80.79","Fc","Donnée calculée"
"FBS","Bilans Alimentaires","273","Monténégro","664","Disponibilité alimentaire (Kcal/personne/jour)","2901","Total General","2013","2013","Kcal/personne/jour","3491","Fc","Donnée calculée"
"FBS","Bilans Alimentaires","273","Monténégro","674","Disponibilité de protéines en quantité (g/personne/jour)","2901","Total General","2013","2013","g/personne/jour","112.07","Fc","Donnée calculée"
"FBS","Bilans Alimentaires","144","Mozambique","664","Disponibilité alimentaire (Kcal/personne/jour)","2901","Total General","2013","2013","Kcal/personne/jour","2283","Fc","Donnée calculée"
"FBS","Bilans Alimentaires","144","Mozambique","674","Disponibilité de protéines en quantité (g/personne/jour)","2901","Total General","2013","2013","g/personne/jour","45.7","Fc","Donnée calculée"
"FBS","Bilans Alimentaires","28","Myanmar","664","Disponibilité alimentaire (Kcal/personne/jour)","2901","Total General","2013","2013","Kcal/personne/jour","2571","Fc","Donnée calculée"
"FBS","Bilans Alimentaires","28","Myanmar","674","Disponibilité de protéines en quantité (g/personne/jour)","2901","Total General","2013","2013","g/personne/jour","82.61","Fc","Donnée calculée"
"FBS","Bilans Alimentaires","147","Namibie","664","Disponibilité alimentaire (Kcal/personne/jour)","2901","Total General","2013","2013","Kcal/personne/jour","2171","Fc","Donnée calculée"
"FBS","Bilans Alimentaires","147","Namibie","674","Disponibilité de protéines en quantité (g/personne/jour)","2901","Total General","2013","2013","g/personne/jour","57.69","Fc","Donnée calculée"
"FBS","Bilans Alimentaires","149","Népal","664","Disponibilité alimentaire (Kcal/personne/jour)","2901","Total General","2013","2013","Kcal/personne/jour","2673","Fc","Donnée calculée"
"FBS","Bilans Alimentaires","149","Népal","674","Disponibilité de protéines en quantité (g/personne/jour)","2901","Total General","2013","2013","g/personne/jour","69.15","Fc","Donnée calculée"
"FBS","Bilans Alimentaires","157","Nicaragua","664","Disponibilité alimentaire (Kcal/personne/jour)","2901","Total General","2013","2013","Kcal/personne/jour","2638","Fc","Donnée calculée"
"FBS","Bilans Alimentaires","157","Nicaragua","674","Disponibilité de protéines en quantité (g/personne/jour)","2901","Total General","2013","2013","g/personne/jour","69.62","Fc","Donnée calculée"
"FBS","Bilans Alimentaires","158","Niger","664","Disponibilité alimentaire (Kcal/personne/jour)","2901","Total General","2013","2013","Kcal/personne/jour","2547","Fc","Donnée calculée"
"FBS","Bilans Alimentaires","158","Niger","674","Disponibilité de protéines en quantité (g/personne/jour)","2901","Total General","2013","2013","g/personne/jour","80.94","Fc","Donnée calculée"
"FBS","Bilans Alimentaires","159","Nigéria","664","Disponibilité alimentaire (Kcal/personne/jour)","2901","Total General","2013","2013","Kcal/personne/jour","2700","Fc","Donnée calculée"
"FBS","Bilans Alimentaires","159","Nigéria","674","Disponibilité de protéines en quantité (g/personne/jour)","2901","Total General","2013","2013","g/personne/jour","63.76","Fc","Donnée calculée"
"FBS","Bilans Alimentaires","162","Norvège","664","Disponibilité alimentaire (Kcal/personne/jour)","2901","Total General","2013","2013","Kcal/personne/jour","3485","Fc","Donnée calculée"
"FBS","Bilans Alimentaires","162","Norvège","674","Disponibilité de protéines en quantité (g/personne/jour)","2901","Total General","2013","2013","g/personne/jour","110.9","Fc","Donnée calculée"
"FBS","Bilans Alimentaires","153","Nouvelle-Calédonie","664","Disponibilité alimentaire (Kcal/personne/jour)","2901","Total General","2013","2013","Kcal/personne/jour","2853","Fc","Donnée calculée"
"FBS","Bilans Alimentaires","153","Nouvelle-Calédonie","674","Disponibilité de protéines en quantité (g/personne/jour)","2901","Total General","2013","2013","g/personne/jour","87.03","Fc","Donnée calculée"
"FBS","Bilans Alimentaires","156","Nouvelle-Zélande","664","Disponibilité alimentaire (Kcal/personne/jour)","2901","Total General","2013","2013","Kcal/personne/jour","3137","Fc","Donnée calculée"
"FBS","Bilans Alimentaires","156","Nouvelle-Zélande","674","Disponibilité de protéines en quantité (g/personne/jour)","2901","Total General","2013","2013","g/personne/jour","92.54","Fc","Donnée calculée"
"FBS","Bilans Alimentaires","221","Oman","664","Disponibilité alimentaire (Kcal/personne/jour)","2901","Total General","2013","2013","Kcal/personne/jour","3143","Fc","Donnée calculée"
"FBS","Bilans Alimentaires","221","Oman","674","Disponibilité de protéines en quantité (g/personne/jour)","2901","Total General","2013","2013","g/personne/jour","88.25","Fc","Donnée calculée"
"FBS","Bilans Alimentaires","226","Ouganda","664","Disponibilité alimentaire (Kcal/personne/jour)","2901","Total General","2013","2013","Kcal/personne/jour","2130","Fc","Donnée calculée"
"FBS","Bilans Alimentaires","226","Ouganda","674","Disponibilité de protéines en quantité (g/personne/jour)","2901","Total General","2013","2013","g/personne/jour","52.68","Fc","Donnée calculée"
"FBS","Bilans Alimentaires","235","Ouzbékistan","664","Disponibilité alimentaire (Kcal/personne/jour)","2901","Total General","2013","2013","Kcal/personne/jour","2760","Fc","Donnée calculée"
"FBS","Bilans Alimentaires","235","Ouzbékistan","674","Disponibilité de protéines en quantité (g/personne/jour)","2901","Total General","2013","2013","g/personne/jour","83.43","Fc","Donnée calculée"
"FBS","Bilans Alimentaires","165","Pakistan","664","Disponibilité alimentaire (Kcal/personne/jour)","2901","Total General","2013","2013","Kcal/personne/jour","2440","Fc","Donnée calculée"
"FBS","Bilans Alimentaires","165","Pakistan","674","Disponibilité de protéines en quantité (g/personne/jour)","2901","Total General","2013","2013","g/personne/jour","65.49","Fc","Donnée calculée"
"FBS","Bilans Alimentaires","166","Panama","664","Disponibilité alimentaire (Kcal/personne/jour)","2901","Total General","2013","2013","Kcal/personne/jour","2733","Fc","Donnée calculée"
"FBS","Bilans Alimentaires","166","Panama","674","Disponibilité de protéines en quantité (g/personne/jour)","2901","Total General","2013","2013","g/personne/jour","79.44","Fc","Donnée calculée"
"FBS","Bilans Alimentaires","169","Paraguay","664","Disponibilité alimentaire (Kcal/personne/jour)","2901","Total General","2013","2013","Kcal/personne/jour","2589","Fc","Donnée calculée"
"FBS","Bilans Alimentaires","169","Paraguay","674","Disponibilité de protéines en quantité (g/personne/jour)","2901","Total General","2013","2013","g/personne/jour","70.72","Fc","Donnée calculée"
"FBS","Bilans Alimentaires","150","Pays-Bas","664","Disponibilité alimentaire (Kcal/personne/jour)","2901","Total General","2013","2013","Kcal/personne/jour","3228","Fc","Donnée calculée"
"FBS","Bilans Alimentaires","150","Pays-Bas","674","Disponibilité de protéines en quantité (g/personne/jour)","2901","Total General","2013","2013","g/personne/jour","111.72","Fc","Donnée calculée"
"FBS","Bilans Alimentaires","170","Pérou","664","Disponibilité alimentaire (Kcal/personne/jour)","2901","Total General","2013","2013","Kcal/personne/jour","2700","Fc","Donnée calculée"
"FBS","Bilans Alimentaires","170","Pérou","674","Disponibilité de protéines en quantité (g/personne/jour)","2901","Total General","2013","2013","g/personne/jour","74.92","Fc","Donnée calculée"
"FBS","Bilans Alimentaires","171","Philippines","664","Disponibilité alimentaire (Kcal/personne/jour)","2901","Total General","2013","2013","Kcal/personne/jour","2570","Fc","Donnée calculée"
"FBS","Bilans Alimentaires","171","Philippines","674","Disponibilité de protéines en quantité (g/personne/jour)","2901","Total General","2013","2013","g/personne/jour","59.93","Fc","Donnée calculée"
"FBS","Bilans Alimentaires","173","Pologne","664","Disponibilité alimentaire (Kcal/personne/jour)","2901","Total General","2013","2013","Kcal/personne/jour","3451","Fc","Donnée calculée"
"FBS","Bilans Alimentaires","173","Pologne","674","Disponibilité de protéines en quantité (g/personne/jour)","2901","Total General","2013","2013","g/personne/jour","101.47","Fc","Donnée calculée"
"FBS","Bilans Alimentaires","70","Polynésie française","664","Disponibilité alimentaire (Kcal/personne/jour)","2901","Total General","2013","2013","Kcal/personne/jour","2927","Fc","Donnée calculée"
"FBS","Bilans Alimentaires","70","Polynésie française","674","Disponibilité de protéines en quantité (g/personne/jour)","2901","Total General","2013","2013","g/personne/jour","96.85","Fc","Donnée calculée"
"FBS","Bilans Alimentaires","174","Portugal","664","Disponibilité alimentaire (Kcal/personne/jour)","2901","Total General","2013","2013","Kcal/personne/jour","3477","Fc","Donnée calculée"
"FBS","Bilans Alimentaires","174","Portugal","674","Disponibilité de protéines en quantité (g/personne/jour)","2901","Total General","2013","2013","g/personne/jour","110.88","Fc","Donnée calculée"
"FBS","Bilans Alimentaires","37","République centrafricaine","664","Disponibilité alimentaire (Kcal/personne/jour)","2901","Total General","2013","2013","Kcal/personne/jour","1879","Fc","Donnée calculée"
"FBS","Bilans Alimentaires","37","République centrafricaine","674","Disponibilité de protéines en quantité (g/personne/jour)","2901","Total General","2013","2013","g/personne/jour","46.06","Fc","Donnée calculée"
"FBS","Bilans Alimentaires","117","République de Corée","664","Disponibilité alimentaire (Kcal/personne/jour)","2901","Total General","2013","2013","Kcal/personne/jour","3334","Fc","Donnée calculée"
"FBS","Bilans Alimentaires","117","République de Corée","674","Disponibilité de protéines en quantité (g/personne/jour)","2901","Total General","2013","2013","g/personne/jour","96.2","Fc","Donnée calculée"
"FBS","Bilans Alimentaires","146","République de Moldova","664","Disponibilité alimentaire (Kcal/personne/jour)","2901","Total General","2013","2013","Kcal/personne/jour","2714","Fc","Donnée calculée"
"FBS","Bilans Alimentaires","146","République de Moldova","674","Disponibilité de protéines en quantité (g/personne/jour)","2901","Total General","2013","2013","g/personne/jour","71.41","Fc","Donnée calculée"
"FBS","Bilans Alimentaires","120","République démocratique populaire lao","664","Disponibilité alimentaire (Kcal/personne/jour)","2901","Total General","2013","2013","Kcal/personne/jour","2451","Fc","Donnée calculée"
"FBS","Bilans Alimentaires","120","République démocratique populaire lao","674","Disponibilité de protéines en quantité (g/personne/jour)","2901","Total General","2013","2013","g/personne/jour","68.9","Fc","Donnée calculée"
"FBS","Bilans Alimentaires","56","République dominicaine","664","Disponibilité alimentaire (Kcal/personne/jour)","2901","Total General","2013","2013","Kcal/personne/jour","2614","Fc","Donnée calculée"
"FBS","Bilans Alimentaires","56","République dominicaine","674","Disponibilité de protéines en quantité (g/personne/jour)","2901","Total General","2013","2013","g/personne/jour","58.2","Fc","Donnée calculée"
"FBS","Bilans Alimentaires","116","République populaire démocratique de Corée","664","Disponibilité alimentaire (Kcal/personne/jour)","2901","Total General","2013","2013","Kcal/personne/jour","2094","Fc","Donnée calculée"
"FBS","Bilans Alimentaires","116","République populaire démocratique de Corée","674","Disponibilité de protéines en quantité (g/personne/jour)","2901","Total General","2013","2013","g/personne/jour","55","Fc","Donnée calculée"
"FBS","Bilans Alimentaires","215","République-Unie de Tanzanie","664","Disponibilité alimentaire (Kcal/personne/jour)","2901","Total General","2013","2013","Kcal/personne/jour","2208","Fc","Donnée calculée"
"FBS","Bilans Alimentaires","215","République-Unie de Tanzanie","674","Disponibilité de protéines en quantité (g/personne/jour)","2901","Total General","2013","2013","g/personne/jour","57.8","Fc","Donnée calculée"
"FBS","Bilans Alimentaires","183","Roumanie","664","Disponibilité alimentaire (Kcal/personne/jour)","2901","Total General","2013","2013","Kcal/personne/jour","3358","Fc","Donnée calculée"
"FBS","Bilans Alimentaires","183","Roumanie","674","Disponibilité de protéines en quantité (g/personne/jour)","2901","Total General","2013","2013","g/personne/jour","103.02","Fc","Donnée calculée"
"FBS","Bilans Alimentaires","229","Royaume-Uni","664","Disponibilité alimentaire (Kcal/personne/jour)","2901","Total General","2013","2013","Kcal/personne/jour","3424","Fc","Donnée calculée"
"FBS","Bilans Alimentaires","229","Royaume-Uni","674","Disponibilité de protéines en quantité (g/personne/jour)","2901","Total General","2013","2013","g/personne/jour","103.21","Fc","Donnée calculée"
"FBS","Bilans Alimentaires","184","Rwanda","664","Disponibilité alimentaire (Kcal/personne/jour)","2901","Total General","2013","2013","Kcal/personne/jour","2228","Fc","Donnée calculée"
"FBS","Bilans Alimentaires","184","Rwanda","674","Disponibilité de protéines en quantité (g/personne/jour)","2901","Total General","2013","2013","g/personne/jour","56.81","Fc","Donnée calculée"
"FBS","Bilans Alimentaires","189","Sainte-Lucie","664","Disponibilité alimentaire (Kcal/personne/jour)","2901","Total General","2013","2013","Kcal/personne/jour","2595","Fc","Donnée calculée"
"FBS","Bilans Alimentaires","189","Sainte-Lucie","674","Disponibilité de protéines en quantité (g/personne/jour)","2901","Total General","2013","2013","g/personne/jour","85.71","Fc","Donnée calculée"
"FBS","Bilans Alimentaires","188","Saint-Kitts-et-Nevis","664","Disponibilité alimentaire (Kcal/personne/jour)","2901","Total General","2013","2013","Kcal/personne/jour","2492","Fc","Donnée calculée"
"FBS","Bilans Alimentaires","188","Saint-Kitts-et-Nevis","674","Disponibilité de protéines en quantité (g/personne/jour)","2901","Total General","2013","2013","g/personne/jour","72.32","Fc","Donnée calculée"
"FBS","Bilans Alimentaires","191","Saint-Vincent-et-les Grenadines","664","Disponibilité alimentaire (Kcal/personne/jour)","2901","Total General","2013","2013","Kcal/personne/jour","2968","Fc","Donnée calculée"
"FBS","Bilans Alimentaires","191","Saint-Vincent-et-les Grenadines","674","Disponibilité de protéines en quantité (g/personne/jour)","2901","Total General","2013","2013","g/personne/jour","86.23","Fc","Donnée calculée"
"FBS","Bilans Alimentaires","244","Samoa","664","Disponibilité alimentaire (Kcal/personne/jour)","2901","Total General","2013","2013","Kcal/personne/jour","2960","Fc","Donnée calculée"
"FBS","Bilans Alimentaires","244","Samoa","674","Disponibilité de protéines en quantité (g/personne/jour)","2901","Total General","2013","2013","g/personne/jour","85.53","Fc","Donnée calculée"
"FBS","Bilans Alimentaires","193","Sao Tomé-et-Principe","664","Disponibilité alimentaire (Kcal/personne/jour)","2901","Total General","2013","2013","Kcal/personne/jour","2400","Fc","Donnée calculée"
"FBS","Bilans Alimentaires","193","Sao Tomé-et-Principe","674","Disponibilité de protéines en quantité (g/personne/jour)","2901","Total General","2013","2013","g/personne/jour","53.08","Fc","Donnée calculée"
"FBS","Bilans Alimentaires","195","Sénégal","664","Disponibilité alimentaire (Kcal/personne/jour)","2901","Total General","2013","2013","Kcal/personne/jour","2456","Fc","Donnée calculée"
"FBS","Bilans Alimentaires","195","Sénégal","674","Disponibilité de protéines en quantité (g/personne/jour)","2901","Total General","2013","2013","g/personne/jour","58.49","Fc","Donnée calculée"
"FBS","Bilans Alimentaires","272","Serbie","664","Disponibilité alimentaire (Kcal/personne/jour)","2901","Total General","2013","2013","Kcal/personne/jour","2728","Fc","Donnée calculée"
"FBS","Bilans Alimentaires","272","Serbie","674","Disponibilité de protéines en quantité (g/personne/jour)","2901","Total General","2013","2013","g/personne/jour","82.22","Fc","Donnée calculée"
"FBS","Bilans Alimentaires","197","Sierra Leone","664","Disponibilité alimentaire (Kcal/personne/jour)","2901","Total General","2013","2013","Kcal/personne/jour","2404","Fc","Donnée calculée"
"FBS","Bilans Alimentaires","197","Sierra Leone","674","Disponibilité de protéines en quantité (g/personne/jour)","2901","Total General","2013","2013","g/personne/jour","56.13","Fc","Donnée calculée"
"FBS","Bilans Alimentaires","199","Slovaquie","664","Disponibilité alimentaire (Kcal/personne/jour)","2901","Total General","2013","2013","Kcal/personne/jour","2944","Fc","Donnée calculée"
"FBS","Bilans Alimentaires","199","Slovaquie","674","Disponibilité de protéines en quantité (g/personne/jour)","2901","Total General","2013","2013","g/personne/jour","72.51","Fc","Donnée calculée"
"FBS","Bilans Alimentaires","198","Slovénie","664","Disponibilité alimentaire (Kcal/personne/jour)","2901","Total General","2013","2013","Kcal/personne/jour","3168","Fc","Donnée calculée"
"FBS","Bilans Alimentaires","198","Slovénie","674","Disponibilité de protéines en quantité (g/personne/jour)","2901","Total General","2013","2013","g/personne/jour","96.19","Fc","Donnée calculée"
"FBS","Bilans Alimentaires","38","Sri Lanka","664","Disponibilité alimentaire (Kcal/personne/jour)","2901","Total General","2013","2013","Kcal/personne/jour","2539","Fc","Donnée calculée"
"FBS","Bilans Alimentaires","38","Sri Lanka","674","Disponibilité de protéines en quantité (g/personne/jour)","2901","Total General","2013","2013","g/personne/jour","59.71","Fc","Donnée calculée"
"FBS","Bilans Alimentaires","210","Suède","664","Disponibilité alimentaire (Kcal/personne/jour)","2901","Total General","2013","2013","Kcal/personne/jour","3179","Fc","Donnée calculée"
"FBS","Bilans Alimentaires","210","Suède","674","Disponibilité de protéines en quantité (g/personne/jour)","2901","Total General","2013","2013","g/personne/jour","107.72","Fc","Donnée calculée"
"FBS","Bilans Alimentaires","211","Suisse","664","Disponibilité alimentaire (Kcal/personne/jour)","2901","Total General","2013","2013","Kcal/personne/jour","3391","Fc","Donnée calculée"
"FBS","Bilans Alimentaires","211","Suisse","674","Disponibilité de protéines en quantité (g/personne/jour)","2901","Total General","2013","2013","g/personne/jour","93.08","Fc","Donnée calculée"
"FBS","Bilans Alimentaires","207","Suriname","664","Disponibilité alimentaire (Kcal/personne/jour)","2901","Total General","2013","2013","Kcal/personne/jour","2753","Fc","Donnée calculée"
"FBS","Bilans Alimentaires","207","Suriname","674","Disponibilité de protéines en quantité (g/personne/jour)","2901","Total General","2013","2013","g/personne/jour","62.94","Fc","Donnée calculée"
"FBS","Bilans Alimentaires","209","Eswatini","664","Disponibilité alimentaire (Kcal/personne/jour)","2901","Total General","2013","2013","Kcal/personne/jour","2329","Fc","Donnée calculée"
"FBS","Bilans Alimentaires","209","Eswatini","674","Disponibilité de protéines en quantité (g/personne/jour)","2901","Total General","2013","2013","g/personne/jour","58.6","Fc","Donnée calculée"
"FBS","Bilans Alimentaires","208","Tadjikistan","664","Disponibilité alimentaire (Kcal/personne/jour)","2901","Total General","2013","2013","Kcal/personne/jour","2201","Fc","Donnée calculée"
"FBS","Bilans Alimentaires","208","Tadjikistan","674","Disponibilité de protéines en quantité (g/personne/jour)","2901","Total General","2013","2013","g/personne/jour","63.38","Fc","Donnée calculée"
"FBS","Bilans Alimentaires","39","Tchad","664","Disponibilité alimentaire (Kcal/personne/jour)","2901","Total General","2013","2013","Kcal/personne/jour","2110","Fc","Donnée calculée"
"FBS","Bilans Alimentaires","39","Tchad","674","Disponibilité de protéines en quantité (g/personne/jour)","2901","Total General","2013","2013","g/personne/jour","62.72","Fc","Donnée calculée"
"FBS","Bilans Alimentaires","167","Tchéquie (la)","664","Disponibilité alimentaire (Kcal/personne/jour)","2901","Total General","2013","2013","Kcal/personne/jour","3256","Fc","Donnée calculée"
"FBS","Bilans Alimentaires","167","Tchéquie (la)","674","Disponibilité de protéines en quantité (g/personne/jour)","2901","Total General","2013","2013","g/personne/jour","87.47","Fc","Donnée calculée"
"FBS","Bilans Alimentaires","216","Thaïlande","664","Disponibilité alimentaire (Kcal/personne/jour)","2901","Total General","2013","2013","Kcal/personne/jour","2784","Fc","Donnée calculée"
"FBS","Bilans Alimentaires","216","Thaïlande","674","Disponibilité de protéines en quantité (g/personne/jour)","2901","Total General","2013","2013","g/personne/jour","60.88","Fc","Donnée calculée"
"FBS","Bilans Alimentaires","176","Timor-Leste","664","Disponibilité alimentaire (Kcal/personne/jour)","2901","Total General","2013","2013","Kcal/personne/jour","2131","Fc","Donnée calculée"
"FBS","Bilans Alimentaires","176","Timor-Leste","674","Disponibilité de protéines en quantité (g/personne/jour)","2901","Total General","2013","2013","g/personne/jour","57.52","Fc","Donnée calculée"
"FBS","Bilans Alimentaires","217","Togo","664","Disponibilité alimentaire (Kcal/personne/jour)","2901","Total General","2013","2013","Kcal/personne/jour","2454","Fc","Donnée calculée"
"FBS","Bilans Alimentaires","217","Togo","674","Disponibilité de protéines en quantité (g/personne/jour)","2901","Total General","2013","2013","g/personne/jour","59.79","Fc","Donnée calculée"
"FBS","Bilans Alimentaires","220","Trinité-et-Tobago","664","Disponibilité alimentaire (Kcal/personne/jour)","2901","Total General","2013","2013","Kcal/personne/jour","3052","Fc","Donnée calculée"
"FBS","Bilans Alimentaires","220","Trinité-et-Tobago","674","Disponibilité de protéines en quantité (g/personne/jour)","2901","Total General","2013","2013","g/personne/jour","83.36","Fc","Donnée calculée"
"FBS","Bilans Alimentaires","222","Tunisie","664","Disponibilité alimentaire (Kcal/personne/jour)","2901","Total General","2013","2013","Kcal/personne/jour","3349","Fc","Donnée calculée"
"FBS","Bilans Alimentaires","222","Tunisie","674","Disponibilité de protéines en quantité (g/personne/jour)","2901","Total General","2013","2013","g/personne/jour","98.59","Fc","Donnée calculée"
"FBS","Bilans Alimentaires","213","Turkménistan","664","Disponibilité alimentaire (Kcal/personne/jour)","2901","Total General","2013","2013","Kcal/personne/jour","2840","Fc","Donnée calculée"
"FBS","Bilans Alimentaires","213","Turkménistan","674","Disponibilité de protéines en quantité (g/personne/jour)","2901","Total General","2013","2013","g/personne/jour","90.49","Fc","Donnée calculée"
"FBS","Bilans Alimentaires","223","Turquie","664","Disponibilité alimentaire (Kcal/personne/jour)","2901","Total General","2013","2013","Kcal/personne/jour","3706","Fc","Donnée calculée"
"FBS","Bilans Alimentaires","223","Turquie","674","Disponibilité de protéines en quantité (g/personne/jour)","2901","Total General","2013","2013","g/personne/jour","108.12","Fc","Donnée calculée"
"FBS","Bilans Alimentaires","230","Ukraine","664","Disponibilité alimentaire (Kcal/personne/jour)","2901","Total General","2013","2013","Kcal/personne/jour","3138","Fc","Donnée calculée"
"FBS","Bilans Alimentaires","230","Ukraine","674","Disponibilité de protéines en quantité (g/personne/jour)","2901","Total General","2013","2013","g/personne/jour","88.62","Fc","Donnée calculée"
"FBS","Bilans Alimentaires","234","Uruguay","664","Disponibilité alimentaire (Kcal/personne/jour)","2901","Total General","2013","2013","Kcal/personne/jour","3050","Fc","Donnée calculée"
"FBS","Bilans Alimentaires","234","Uruguay","674","Disponibilité de protéines en quantité (g/personne/jour)","2901","Total General","2013","2013","g/personne/jour","92.44","Fc","Donnée calculée"
"FBS","Bilans Alimentaires","155","Vanuatu","664","Disponibilité alimentaire (Kcal/personne/jour)","2901","Total General","2013","2013","Kcal/personne/jour","2836","Fc","Donnée calculée"
"FBS","Bilans Alimentaires","155","Vanuatu","674","Disponibilité de protéines en quantité (g/personne/jour)","2901","Total General","2013","2013","g/personne/jour","69.68","Fc","Donnée calculée"
"FBS","Bilans Alimentaires","236","Venezuela (République bolivarienne du)","664","Disponibilité alimentaire (Kcal/personne/jour)","2901","Total General","2013","2013","Kcal/personne/jour","2631","Fc","Donnée calculée"
"FBS","Bilans Alimentaires","236","Venezuela (République bolivarienne du)","674","Disponibilité de protéines en quantité (g/personne/jour)","2901","Total General","2013","2013","g/personne/jour","73.01","Fc","Donnée calculée"
"FBS","Bilans Alimentaires","237","Viet Nam","664","Disponibilité alimentaire (Kcal/personne/jour)","2901","Total General","2013","2013","Kcal/personne/jour","2745","Fc","Donnée calculée"
"FBS","Bilans Alimentaires","237","Viet Nam","674","Disponibilité de protéines en quantité (g/personne/jour)","2901","Total General","2013","2013","g/personne/jour","81.61","Fc","Donnée calculée"
"FBS","Bilans Alimentaires","249","Yémen","664","Disponibilité alimentaire (Kcal/personne/jour)","2901","Total General","2013","2013","Kcal/personne/jour","2223","Fc","Donnée calculée"
"FBS","Bilans Alimentaires","249","Yémen","674","Disponibilité de protéines en quantité (g/personne/jour)","2901","Total General","2013","2013","g/personne/jour","58.94","Fc","Donnée calculée"
"FBS","Bilans Alimentaires","251","Zambie","664","Disponibilité alimentaire (Kcal/personne/jour)","2901","Total General","2013","2013","Kcal/personne/jour","1930","Fc","Donnée calculée"
"FBS","Bilans Alimentaires","251","Zambie","674","Disponibilité de protéines en quantité (g/personne/jour)","2901","Total General","2013","2013","g/personne/jour","55.22","Fc","Donnée calculée"
"FBS","Bilans Alimentaires","181","Zimbabwe","664","Disponibilité alimentaire (Kcal/personne/jour)","2901","Total General","2013","2013","Kcal/personne/jour","2110","Fc","Donnée calculée"
"FBS","Bilans Alimentaires","181","Zimbabwe","674","Disponibilité de protéines en quantité (g/personne/jour)","2901","Total General","2013","2013","g/personne/jour","48.35","Fc","Donnée calculée"
